TEAM,GP,W,L,WIN%,MIN,PTS,FGM,FGA,FG%,3:00 PM,3PA,3P%,FTM,FTA,FT%,OREB,DREB,REB,AST,TOV,STL,BLK,BLKA,PF,PFD,"""+/-""",Year
Toronto Raptors,22,18,4,0.818,48.2,117,44.1,89.6,49.3,11.8,33.5,35.1,17,21.5,78.9,10.4,36.1,46.5,25.5,15.2,8.3,5.5,5,22.1,20.8,8.9,2018
Milwaukee Bucks,21,15,6,0.714,48.2,120.8,44.6,91.5,48.8,14.5,40.5,35.8,17,22.3,76.3,10,40.4,50.5,27.3,15.3,6.9,6,4.9,21,20.8,10.7,2018
LA Clippers,20,14,6,0.7,48.8,116.8,41.6,88.6,46.9,9.6,25.2,38,24.1,29.7,81.3,9.8,37.5,47.3,22.2,14.6,5.9,5.6,6.5,23.3,25.3,5,2018
Golden State Warriors,22,15,7,0.682,48.2,116,43.2,87.4,49.4,11.5,29.7,38.5,18.1,22.1,81.9,9.7,36.1,45.8,27.9,14.9,7.3,6.4,3.6,22.5,20.5,5.3,2018
Denver Nuggets,21,14,7,0.667,48.2,110.3,41.9,90,46.6,10.2,29.9,34.1,16.3,21.7,75.2,12.1,35.4,47.5,26.5,14.3,8.5,5,5.8,21,21.5,8,2018
Philadelphia 76ers,23,15,8,0.652,48.9,114.3,40.3,87.3,46.2,11.1,31.5,35.4,22.4,28.9,77.6,10,37.7,47.7,26.6,16.1,6.7,5.5,5,23.5,24.7,1.1,2018
Oklahoma City Thunder,20,13,7,0.65,48,110.4,41.6,93.4,44.5,9.7,31.6,30.7,17.5,24.7,70.8,13.4,35.2,48.6,22.1,14,10.4,5.6,5,22.4,23.7,6,2018
Indiana Pacers,21,13,8,0.619,48,106.5,41.3,85.9,48.1,9.4,25.1,37.6,14.5,20.1,71.9,8.6,33.5,42.1,24.2,14.3,9.1,5.2,5.8,19.4,19.7,4.3,2018
Portland Trail Blazers,21,13,8,0.619,48.2,112.8,40.9,90.8,45.1,11.7,32.7,35.9,19.2,23.4,82.1,12,38.1,50.1,20.6,14.6,6.1,4.4,6.1,20.4,20.7,2,2018
Detroit Pistons,18,11,7,0.611,49.1,111.8,40.2,91.9,43.8,11.2,34.3,32.6,20.2,27.4,73.8,12.8,34.7,47.4,21.5,14.6,6.9,3.8,5.1,24.2,24.4,1.1,2018
Memphis Grizzlies,20,12,8,0.6,48.5,103.6,37.8,82.8,45.6,10.2,27.8,36.6,17.9,23.8,75.2,7.6,31.7,39.3,23.8,13.4,9,6,4.8,22.8,22.5,1.6,2018
Los Angeles Lakers,20,11,9,0.55,48.3,112.8,43.2,91,47.4,10.3,29.7,34.7,16.2,22.6,71.5,10.1,35.8,45.8,23.8,15.8,8.4,6.5,5.4,21,21.2,-0.2,2018
Dallas Mavericks,19,10,9,0.526,48.3,111.1,39.8,85.4,46.6,12.2,33.5,36.5,19.3,25.7,75,9.7,34.5,44.2,22.9,16.6,7.7,4.8,4.7,21,24.9,2.5,2018
Boston Celtics,21,11,10,0.524,48.5,107.1,39.8,90.5,44,12.6,35.9,35,15,19.3,77.5,10.4,35.6,46,24.4,13.7,8.4,5.3,4,21.4,20.5,2.8,2018
Charlotte Hornets,21,11,10,0.524,48.5,114.9,42,91,46.1,12.2,34,36,18.7,23.4,80,9.5,34.8,44.3,24.5,12.9,7.6,5.6,6.7,20.7,22,4.9,2018
Minnesota Timberwolves,22,11,11,0.5,48,109.9,40.2,91.1,44.2,10.9,30.1,36.1,18.5,22.8,81.4,11.4,32.9,44.2,23.4,13.6,9.6,5.5,5.2,19.9,21.5,-0.3,2018
New Orleans Pelicans,22,11,11,0.5,48,118.5,44,92.3,47.7,10,28.5,34.9,20.5,26.9,76.5,12.4,36.2,48.6,26.6,15.4,7.2,5.7,5.3,22.5,23.2,1.5,2018
Sacramento Kings,20,10,10,0.5,48,114.2,43.7,91.8,47.6,10.8,27.9,38.6,16,23.2,69,10.1,35.2,45.2,24.7,14.9,8.3,4.6,5.6,23.1,22.5,-2.6,2018
San Antonio Spurs,21,10,11,0.476,48.5,108.6,40.5,89.9,45.1,9.4,24.7,38,18.2,22.3,81.4,11.1,34,45,23.5,12.3,6,4.1,4.6,18.7,21.7,-2.3,2018
Orlando Magic,22,10,12,0.455,48,106.1,40.5,89.1,45.4,11.1,31.5,35.2,14.1,18,78.3,9.1,33,42.1,26.4,13.7,7.3,5.7,5,20.3,19.7,-3,2018
Utah Jazz,22,10,12,0.455,48,105.3,37.9,83.4,45.5,10,31.5,31.9,19.5,27.3,71.2,9.4,33.2,42.6,23.3,16,8.7,5.4,4.4,22.5,24,-2.8,2018
Houston Rockets,20,9,11,0.45,48.5,108.2,38.1,85.7,44.4,14.2,42,33.8,17.9,24.1,74.4,11.2,29.6,40.7,20.8,15,8.2,6,4.6,23.4,21.1,-2.1,2018
Washington Wizards,21,8,13,0.381,48.5,112.9,40.9,89.1,45.8,10.6,33,32.2,20.5,27.3,75.2,9.5,31.7,41.2,23.9,14.2,8.6,6.4,4.9,22.8,24,-5.4,2018
Brooklyn Nets,22,8,14,0.364,48.2,109.3,39.8,89.2,44.6,12.1,34.2,35.3,17.6,24.2,72.9,12.3,32.3,44.6,22.6,14.7,6.7,4.2,4.9,23.7,21.8,-1.8,2018
Miami Heat,20,7,13,0.35,48.3,108.6,39,89.8,43.5,12.1,33.4,36.1,18.6,26.3,70.5,12.3,35.3,47.6,22,16.1,7.4,6.6,6,23.6,23.8,-1.9,2018
New York Knicks,23,7,16,0.304,48.4,107.8,39.4,90.8,43.4,9.5,28.8,33.1,19.4,24.6,79.1,12.3,33.4,45.7,18.6,14.7,7.5,5.3,6.9,23.3,21.9,-5.9,2018
Atlanta Hawks,22,5,17,0.227,48,107.4,39.1,89,44,11.4,35.7,31.8,17.7,23.7,74.7,9.9,34.1,44,24.4,18.3,8.8,6.1,5.4,24.1,23.6,-10.5,2018
Chicago Bulls,22,5,17,0.227,48.7,104,38.5,87.3,44.2,10.4,29.5,35.1,16.5,21.3,77.8,7.4,34.6,42,22.4,15.3,7.6,4.7,6.8,20.1,19.3,-8.9,2018
Cleveland Cavaliers,20,4,16,0.2,48,103.5,39.3,87.8,44.7,8.7,23.9,36.2,16.4,20.8,78.8,12.2,31.6,43.8,19.6,14.7,7.2,2.5,5.8,21.7,20.2,-7,2018
Phoenix Suns,21,4,17,0.19,48.2,104.1,39.2,84.9,46.2,10.3,30.3,34,15.4,19.9,77.3,7.8,32,39.8,23.4,16.7,8,4.1,4.8,24,19.6,-10,2018
Houston Rockets,82,65,17,0.793,48.2,112.4,38.7,84.2,46,15.3,42.3,36.2,19.6,25.1,78.1,9,34.5,43.5,21.5,13.8,8.5,4.8,4.4,19.5,20.4,8.5,2017
Toronto Raptors,82,59,23,0.72,48.4,111.7,41.3,87.4,47.2,11.8,33,35.8,17.3,21.8,79.4,9.8,34.2,44,24.3,13.4,7.6,6.1,4.9,21.7,19.9,7.8,2017
Golden State Warriors,82,58,24,0.707,48.1,113.5,42.8,85.1,50.3,11.3,28.9,39.1,16.6,20.3,81.5,8.4,35.1,43.5,29.3,15.4,8,7.5,3.7,19.6,18.5,6,2017
Boston Celtics,82,55,27,0.671,48.3,104,38.3,85.1,45,11.5,30.4,37.7,16,20.7,77.1,9.4,35.1,44.5,22.5,14,7.4,4.5,4.4,19.7,19.2,3.6,2017
Philadelphia 76ers,82,52,30,0.634,48.2,109.8,40.8,86.6,47.2,11,29.8,36.9,17.1,22.8,75.2,10.9,36.5,47.4,27.1,16.5,8.3,5.1,5.1,22.1,20.4,4.5,2017
Cleveland Cavaliers,82,50,32,0.61,48.1,110.9,40.4,84.8,47.6,12,32.1,37.2,18.1,23.3,77.9,8.5,33.7,42.1,23.4,13.7,7.1,3.8,4.1,18.6,20.7,0.9,2017
Portland Trail Blazers,82,49,33,0.598,48.2,105.6,39.3,87,45.2,10.3,28.1,36.6,16.7,20.9,80,10.2,35.3,45.5,19.5,13.5,7,5.2,5.1,19.5,19.1,2.6,2017
Indiana Pacers,82,48,34,0.585,48.2,105.6,40.8,86.4,47.2,9,24.5,36.9,14.9,19.2,77.9,9.6,32.7,42.3,22.2,13.3,8.8,4.1,5.2,18.8,18.5,1.4,2017
New Orleans Pelicans,82,48,34,0.585,48.7,111.7,42.7,88.3,48.3,10.2,28.2,36.2,16.1,20.9,77.2,8.7,35.6,44.3,26.8,14.9,8,5.9,4.2,19.1,20.4,1.3,2017
Oklahoma City Thunder,82,48,34,0.585,48.4,107.9,39.9,88.1,45.3,10.7,30.4,35.4,17.3,24.2,71.6,12.5,32.6,45.1,21.3,14,9.1,5,4.6,20.2,21.3,3.4,2017
Utah Jazz,82,48,34,0.585,48.2,104.1,38.3,82.9,46.2,10.8,29.6,36.6,16.8,21.5,77.9,9,34.2,43.3,22.4,14.7,8.6,5.1,4.6,19.6,20.5,4.3,2017
Minnesota Timberwolves,82,47,35,0.573,48.3,109.5,41,86.1,47.6,8,22.5,35.7,19.4,24.1,80.4,10.3,31.6,42,22.7,12.5,8.4,4.2,4.7,18.2,20.9,2.2,2017
San Antonio Spurs,82,47,35,0.573,48.1,102.7,39,85.4,45.7,8.5,24.1,35.2,16.1,20.9,77.2,10.4,33.9,44.2,22.8,13.1,7.7,5.6,3.9,17.2,19.7,2.9,2017
Denver Nuggets,82,46,36,0.561,48.5,110,40.7,86.6,47,11.5,30.9,37.1,17.1,22.3,76.7,11,33.5,44.5,25.1,15,7.6,4.9,4.8,18.7,20.7,1.5,2017
Miami Heat,82,44,38,0.537,48.6,103.4,38.8,85.3,45.5,11,30.6,36,14.7,19.5,75.5,9.3,34.2,43.5,22.7,14.4,7.6,5.3,4.6,20.1,19.4,0.5,2017
Milwaukee Bucks,82,44,38,0.537,48.4,106.5,39.7,83,47.8,8.8,24.7,35.5,18.3,23.4,78.3,8.4,31.5,39.8,23.2,13.8,8.8,5.4,4.5,21.4,19.9,-0.3,2017
Washington Wizards,82,43,39,0.524,48.4,106.6,39.9,85.6,46.7,9.9,26.5,37.5,16.8,21.8,77.2,10,33.1,43.1,25.2,14.6,7.9,4.3,4.7,21.3,20,0.6,2017
LA Clippers,82,42,40,0.512,48.1,109,40.3,85.4,47.1,9.5,26.8,35.4,19,25.5,74.3,10.1,33.7,43.9,22.3,14.7,7.7,4.5,5.6,20,22,0,2017
Detroit Pistons,82,39,43,0.476,48.3,103.8,39.1,86.9,45,10.8,28.9,37.3,14.7,19.8,74.5,10.1,33.6,43.7,22.8,13.4,7.7,3.9,4.9,18.4,18.4,-0.1,2017
Charlotte Hornets,82,36,46,0.439,48.2,108.2,39,86.7,45,10,27.2,36.9,20.2,27,74.7,10.1,35.4,45.5,21.6,12.7,6.8,4.5,4.9,17.2,22.4,0.3,2017
Los Angeles Lakers,82,35,47,0.427,48.5,108.1,40.7,88.4,46.1,10,29.1,34.5,16.6,23.3,71.4,10.7,35.7,46.4,23.8,15.8,7.7,4.7,5.5,21.2,20.5,-1.5,2017
New York Knicks,82,29,53,0.354,48.4,104.5,40.7,87.7,46.4,8.2,23.3,35.2,14.9,19,78.7,10.5,33.6,44,23.3,14.7,6.7,5.1,4.7,20.5,18.4,-3.6,2017
Brooklyn Nets,82,28,54,0.341,48.4,106.6,38.2,86.8,44.1,12.7,35.7,35.6,17.4,22.6,77.2,9.7,34.8,44.4,23.7,15.2,6.2,4.8,5.5,20.6,19.7,-3.7,2017
Chicago Bulls,82,27,55,0.329,48.4,102.9,38.7,88.8,43.5,11,31.1,35.5,14.6,19.2,75.9,9.6,35,44.7,23.5,14,7.6,3.5,5.2,19.2,17.4,-7,2017
Sacramento Kings,82,27,55,0.329,48.2,98.8,38.8,86.1,45,9,24,37.5,12.3,16.7,73.5,9.5,31.4,40.9,21.6,13.7,7.8,4.1,4.7,20,17.3,-7,2017
Orlando Magic,82,25,57,0.305,48.1,103.4,38.8,85.9,45.2,10.3,29.3,35.1,15.5,20.5,75.7,8.8,32.8,41.6,23.4,14.5,7.6,4.9,4.9,19.3,19,-4.8,2017
Atlanta Hawks,82,24,58,0.293,48.1,103.4,38.2,85.5,44.6,11.2,31,36,15.8,20.2,78.5,9.1,32.8,41.9,23.7,15.5,7.8,4.2,5.5,19.6,20.3,-5.5,2017
Dallas Mavericks,82,24,58,0.293,48.3,102.3,38.1,85.9,44.4,11.8,32.8,36,14.2,18.7,76.3,8.1,33.1,41.3,22.7,12.3,7,3.8,4.5,19.2,19.6,-3,2017
Memphis Grizzlies,82,22,60,0.268,48.1,99.3,36.7,82.8,44.4,9.2,26.2,35.2,16.6,21.1,78.6,9.5,31,40.5,21.5,15,7.5,4.8,5.1,23.2,20.4,-6.2,2017
Phoenix Suns,82,21,61,0.256,48.1,103.9,38.5,87.1,44.2,9.3,27.9,33.4,17.7,23.9,74.1,10.3,33.9,44.1,21.3,15.7,6.9,4.5,6,22,20.9,-9.4,2017
Golden State Warriors,82,67,15,0.817,48.2,115.9,43.1,87.1,49.5,12,31.2,38.3,17.8,22.6,78.8,9.4,35,44.4,30.4,14.8,9.6,6.8,3.8,19.3,19.4,11.6,2016
San Antonio Spurs,82,61,21,0.744,48.3,105.3,39.3,83.7,46.9,9.2,23.5,39.1,17.6,22,79.7,10,33.9,43.9,23.8,13.4,8,5.9,4.1,18.3,19.8,7.2,2016
Houston Rockets,82,55,27,0.671,48.2,115.3,40.3,87.2,46.2,14.4,40.3,35.7,20.3,26.5,76.6,10.9,33.5,44.4,25.2,15.1,8.2,4.3,5,19.9,20.4,5.8,2016
Boston Celtics,82,53,29,0.646,48.2,108,38.6,85.1,45.4,12,33.4,35.9,18.7,23.2,80.7,9.1,32.9,42,25.2,13.3,7.5,4.1,5.2,20.6,20.3,2.6,2016
Cleveland Cavaliers,82,51,31,0.622,48.5,110.3,39.9,84.9,47,13,33.9,38.4,17.5,23.3,74.8,9.3,34.4,43.7,22.7,13.7,6.6,4,4.3,18.1,20.6,3.2,2016
LA Clippers,82,51,31,0.622,48.2,108.7,39.5,83.2,47.5,10.3,27.4,37.5,19.3,26,74.5,9,34,43,22.5,13,7.5,4.2,3.1,19.8,22.4,4.3,2016
Toronto Raptors,82,51,31,0.622,48.2,106.9,39.2,84.4,46.4,8.8,24.3,36.3,19.7,24.7,79.6,10.6,32.6,43.3,18.5,12.7,8.3,4.9,4.8,20.8,20.3,4.2,2016
Utah Jazz,82,51,31,0.622,48.2,100.7,37,79.5,46.6,9.6,26,37.2,17.1,22.9,74.7,9.4,33.8,43.2,20.1,13.6,6.7,5,3.8,18.8,20.2,3.9,2016
Washington Wizards,82,49,33,0.598,48.4,109.2,41.3,87,47.5,9.2,24.8,37.2,17.3,22.1,78.4,10.3,32.6,42.9,23.9,14.2,8.5,4.1,4.6,21.3,19.8,1.8,2016
Oklahoma City Thunder,82,47,35,0.573,48.3,106.6,39.5,87.4,45.2,8.4,25.8,32.7,19.2,25.8,74.5,12.2,34.4,46.6,21,15,7.9,5,5.5,20.9,20.7,0.8,2016
Atlanta Hawks,82,43,39,0.524,48.5,103.2,38.1,84.4,45.1,8.9,26.1,34.1,18.1,24.9,72.8,10.3,34.1,44.3,23.6,15.8,8.2,4.8,5.2,18.2,21.6,-0.9,2016
Memphis Grizzlies,82,43,39,0.524,48.5,100.5,36.4,83.6,43.5,9.4,26.5,35.4,18.3,23.4,78.4,10.8,32,42.8,21.3,12.9,8,4.2,5,22.4,20.8,0.5,2016
Indiana Pacers,82,42,40,0.512,48.4,105.1,39.3,84.5,46.5,8.6,23,37.6,17.9,22.1,81,9,33,42,22.5,13.8,8.2,5,5,19.5,19.5,-0.2,2016
Milwaukee Bucks,82,42,40,0.512,48.2,103.6,38.8,81.9,47.4,8.8,23.7,37,17.2,22.4,76.8,8.8,31.6,40.4,24.2,14,8.1,5.3,4.6,20.2,19.3,-0.2,2016
Chicago Bulls,82,41,41,0.5,48.2,102.9,38.6,87.1,44.4,7.6,22.3,34,18,22.5,79.8,12.2,34.1,46.3,22.6,13.6,7.8,4.8,4.6,17.7,18.8,0.4,2016
Miami Heat,82,41,41,0.5,48.2,103.2,39,85.8,45.5,9.9,27,36.5,15.2,21.6,70.6,10.6,33,43.6,21.2,13.4,7.2,5.7,4.9,20.5,18.7,1.1,2016
Portland Trail Blazers,82,41,41,0.5,48.6,107.9,39.5,86.1,45.9,10.4,27.7,37.5,18.5,23.7,78,10.1,33.5,43.7,21.1,13.7,7,5,5.3,21.2,19.8,-0.5,2016
Denver Nuggets,82,40,42,0.488,48.2,111.7,41.2,87.7,46.9,10.6,28.8,36.8,18.7,24.2,77.4,11.8,34.6,46.4,25.3,15,6.9,3.9,4.9,19.1,20.2,0.5,2016
Detroit Pistons,82,37,45,0.451,48.3,101.3,39.9,88.8,44.9,7.7,23.4,33,13.9,19.3,71.9,11.1,34.6,45.7,21.1,11.9,7,3.8,4.1,17.9,17.5,-1.1,2016
Charlotte Hornets,82,36,46,0.439,48.4,104.9,37.7,85.4,44.2,10,28.6,35.1,19.4,23.8,81.5,8.8,34.8,43.6,23.1,11.5,7,4.8,5.5,16.6,19.9,0.2,2016
New Orleans Pelicans,82,34,48,0.415,48.5,104.3,39.1,87,45,9.4,26.8,35,16.7,22.3,75,8.6,35.1,43.7,22.8,12.9,7.8,5.5,4.2,18.2,19.3,-2.1,2016
Dallas Mavericks,82,33,49,0.402,48.2,97.9,36.2,82.3,44,10.7,30.2,35.5,14.8,18.5,80.1,7.9,30.7,38.6,20.8,11.9,7.5,3.7,3.4,19.1,19.4,-2.9,2016
Sacramento Kings,82,32,50,0.39,48.5,102.8,37.9,82.1,46.1,9,23.9,37.6,18.1,23.3,77.5,8.7,32.3,41.1,22.5,14.6,7.6,4,5.1,20.3,20.1,-3.9,2016
Minnesota Timberwolves,82,31,51,0.378,48.3,105.6,39.5,84.4,46.7,7.3,21,34.9,19.3,24.2,79.9,11.4,31,42.4,23.7,14,8,4.5,5,20.1,20.5,-1.1,2016
New York Knicks,82,31,51,0.378,48.4,104.3,39.6,88.5,44.7,8.6,24.7,34.8,16.6,21.1,78.8,12,33.2,45.2,21.8,13.9,7.1,5.5,4.6,20.3,18.5,-3.7,2016
Orlando Magic,82,29,53,0.354,48.3,101.1,38.3,87,44,8.5,26.1,32.8,16,21.4,74.7,9.8,33.3,43.2,22.2,13.3,7.1,4.8,5.1,19.3,18.7,-6.6,2016
Philadelphia 76ers,82,28,54,0.341,48.4,102.4,37.7,85.3,44.2,10.1,29.8,34,17,22,77.1,9.8,33,42.8,23.8,16.7,8.4,5.1,5.4,21.9,19.6,-5.7,2016
Los Angeles Lakers,82,26,56,0.317,48.1,104.6,39.3,87.4,45,8.9,25.7,34.6,17,22.6,75.4,11.4,32.1,43.5,20.9,15.2,8.2,3.9,5.4,20.7,18.5,-6.9,2016
Phoenix Suns,82,24,58,0.293,48.4,107.7,39.9,88.5,45,7.5,22.6,33.2,20.4,26.3,77.6,11.9,33.1,45,19.6,15.4,8.2,4.9,5.3,24.8,22.2,-5.6,2016
Brooklyn Nets,82,20,62,0.244,48.2,105.8,37.8,85.2,44.4,10.7,31.6,33.8,19.4,24.6,78.8,8.8,35.1,43.9,21.4,16.5,7.2,4.7,5.6,21,20.4,-6.7,2016
Golden State Warriors,82,73,9,0.89,48.5,114.9,42.5,87.3,48.7,13.1,31.6,41.6,16.7,21.8,76.3,10,36.2,46.2,28.9,15.2,8.4,6.1,4.1,20.7,19.8,10.8,2015
San Antonio Spurs,82,67,15,0.817,48.1,103.5,40.1,82.9,48.4,7,18.5,37.5,16.4,20.4,80.3,9.4,34.5,43.9,24.5,13.1,8.3,5.9,3.9,17.5,19.5,10.6,2015
Cleveland Cavaliers,82,57,25,0.695,48.4,104.3,38.7,84,46,10.7,29.6,36.2,16.3,21.7,74.8,10.6,33.9,44.5,22.7,13.6,6.7,3.9,4.4,20.3,20.6,6,2015
Toronto Raptors,82,56,26,0.683,48.2,102.7,36.7,81.3,45.1,8.6,23.4,37,20.8,26.7,77.7,10.2,33.2,43.4,18.7,13.1,7.8,5.5,5.4,19.6,22,4.5,2015
Oklahoma City Thunder,82,55,27,0.671,48.4,110.2,41.1,86.4,47.6,8.3,23.7,34.9,19.7,25.2,78.2,13.1,35.6,48.6,23,15.9,7.4,5.9,4.5,20.6,20.2,7.3,2015
LA Clippers,82,53,29,0.646,48.4,104.5,38.3,82.4,46.5,9.7,26.7,36.4,18.2,26.2,69.2,8.8,33.3,42,22.8,13,8.6,5.6,3.2,21.3,22.5,4.3,2015
Atlanta Hawks,82,48,34,0.585,48.4,102.8,38.6,84.4,45.8,9.9,28.4,35,15.6,20,78.3,8.3,33.8,42.1,25.6,15,9.1,5.9,5,19.1,18.3,3.6,2015
Boston Celtics,82,48,34,0.585,48.2,105.7,39.2,89.2,43.9,8.7,26.1,33.5,18.5,23.5,78.8,11.6,33.3,44.9,24.2,13.7,9.2,4.2,5.5,21.9,21,3.2,2015
Charlotte Hornets,82,48,34,0.585,48.4,103.4,37,84.4,43.9,10.6,29.4,36.2,18.7,23.7,79,9,35,43.9,21.7,12.5,7.3,5.3,5.5,18.1,20.4,2.7,2015
Miami Heat,82,48,34,0.585,48.4,100,38.4,81.7,47,6.1,18,33.6,17.1,23,74.4,9.8,34.3,44.1,20.8,14.1,6.7,6.5,4.1,18.3,19.6,1.6,2015
Indiana Pacers,82,45,37,0.549,48.5,102.2,38.3,85.2,45,8.1,23,35.1,17.4,22.8,76.4,10.3,33.9,44.2,21.2,14.9,9,4.8,4.5,20,20.4,1.7,2015
Detroit Pistons,82,44,38,0.537,48.5,102,37.9,86.4,43.9,9,26.2,34.5,17.1,25.5,66.8,12.5,33.9,46.3,19.4,13.5,7,3.7,4.5,19,21.6,0.6,2015
Portland Trail Blazers,82,44,38,0.537,48.3,105.1,38.6,85.9,45,10.5,28.5,37,17.4,23,75.4,11.6,33.9,45.5,21.3,14.6,6.9,4.6,5.2,21.7,19.5,0.8,2015
Chicago Bulls,82,42,40,0.512,48.5,101.6,38.6,87.4,44.1,7.9,21.4,37.1,16.5,21,78.7,11.1,35.2,46.3,22.8,13.9,6,5.7,5.7,18.8,18.7,-1.5,2015
Dallas Mavericks,82,42,40,0.512,48.8,102.3,37.4,84.1,44.4,9.8,28.6,34.4,17.7,22.3,79.4,9.2,33.9,43.1,22.1,12.8,6.8,3.7,4.4,19.5,21.4,-0.3,2015
Memphis Grizzlies,82,42,40,0.512,48.4,99.1,36.8,83.6,44,6.1,18.5,33.1,19.3,24.7,78.3,11.2,30.5,41.6,20.7,13.3,8.8,4.3,5.7,21.7,21.1,-2.2,2015
Houston Rockets,82,41,41,0.5,48.4,106.5,37.7,83.5,45.2,10.7,30.9,34.7,20.4,29.4,69.4,11.3,31.7,43.1,22.2,15.9,10,5.2,4.9,21.8,22.5,0.2,2015
Washington Wizards,82,41,41,0.5,48.2,104.1,39.5,85.8,46,8.6,24.2,35.8,16.5,22.5,73,9.1,32.8,41.8,24.5,14.5,8.6,3.9,4.3,20.8,20.1,-0.5,2015
Utah Jazz,82,40,42,0.488,48.7,97.7,36.1,80.4,44.9,8.5,23.9,35.5,17.1,23,74.4,10.7,32.5,43.2,19,14.9,7.7,5.2,4.7,20.2,19.9,1.8,2015
Orlando Magic,82,35,47,0.427,48.5,102.1,39.5,86.8,45.5,7.8,22.2,35,15.2,20.1,75.7,10.3,33,43.3,23.6,14.1,8.2,5.1,5.5,20.7,18.3,-1.6,2015
Denver Nuggets,82,33,49,0.402,48.4,101.9,37.7,85.4,44.2,8,23.7,33.8,18.5,24.1,76.6,11.5,33.1,44.6,22.7,14.7,7.4,4.8,6.3,21,20.9,-3.1,2015
Milwaukee Bucks,82,33,49,0.402,48.4,99,38.4,82.2,46.7,5.4,15.6,34.5,17,22.7,74.7,10.5,31.2,41.7,23.1,15.2,8.2,5.8,5.6,20.7,19.5,-4.2,2015
Sacramento Kings,82,33,49,0.402,48.3,106.6,40,86.4,46.4,8,22.4,35.9,18.5,25.5,72.5,10.6,33.7,44.2,24.5,16.2,8.9,4.5,5.3,20.4,22,-2.5,2015
New York Knicks,82,32,50,0.39,48.3,98.4,36.9,84,43.9,7.4,21.5,34.6,17.2,21.4,80.5,10.4,34,44.4,20.5,13.4,5.7,5.7,4.2,19.7,18.5,-2.7,2015
New Orleans Pelicans,82,30,52,0.366,48.2,102.7,38.5,85.9,44.8,8.6,23.8,36,17.3,22.2,77.6,9.5,33.1,42.6,22.2,13.4,7.7,4.2,5.2,20.9,19.9,-3.8,2015
Minnesota Timberwolves,82,29,53,0.354,48.5,102.4,37.7,81.3,46.4,5.5,16.4,33.8,21.4,27,79.2,10,31.5,41.6,23.4,15,8,4.6,5.2,20.7,21.6,-3.5,2015
Phoenix Suns,82,23,59,0.28,48.1,100.9,37.2,85.6,43.5,9,25.8,34.8,17.5,23.2,75.1,11.5,33.3,44.8,20.7,17.2,7.7,3.8,5.5,22.7,21.6,-6.7,2015
Brooklyn Nets,82,21,61,0.256,48.2,98.6,38.2,84.4,45.3,6.5,18.4,35.2,15.7,20.7,75.7,10.5,31.9,42.4,22.3,14.8,7.6,4,5.2,18,18.4,-7.4,2015
Los Angeles Lakers,82,17,65,0.207,48.1,97.3,35.1,84.8,41.4,7.8,24.6,31.7,19.3,24.7,78.1,10.7,32.3,43,18,13.7,7.2,4.1,5.6,20.3,19.2,-9.6,2015
Philadelphia 76ers,82,10,72,0.122,48.3,97.4,36.2,84,43.1,9.3,27.5,33.9,15.7,22.6,69.4,9.5,31.8,41.2,21.5,16.4,8.3,6,5.7,21.7,19.2,-10.2,2015
Golden State Warriors,82,67,15,0.817,48.1,110,41.6,87,47.8,10.8,27,39.8,16,20.8,76.8,10.4,34.3,44.7,27.4,14.5,9.3,6,3.6,19.9,18.8,10.1,2014
Atlanta Hawks,82,60,22,0.732,48.1,102.5,38.1,81.7,46.6,10,26.2,38,16.5,21.2,77.8,8.7,31.8,40.6,25.7,14.2,9.1,4.6,4.9,17.8,19.6,5.4,2014
Houston Rockets,82,56,26,0.683,48.3,103.9,37,83.3,44.4,11.4,32.7,34.8,18.6,26,71.5,11.7,32,43.7,22.2,16.7,9.5,5,5.3,22,21.1,3.4,2014
LA Clippers,82,56,26,0.683,48.1,106.7,39.4,83.3,47.3,10.1,26.9,37.6,17.9,25.2,71,9.6,33.1,42.6,24.8,12.3,7.8,5,3,21.3,21.5,6.6,2014
Memphis Grizzlies,82,55,27,0.671,48.5,98.3,37.8,82.5,45.8,5.2,15.2,33.9,17.6,22.8,77.3,10.4,32.1,42.6,21.7,13.3,8.5,4.2,5.2,19.1,20.3,3.2,2014
San Antonio Spurs,82,55,27,0.671,48.7,103.2,39.1,83.6,46.8,8.3,22.5,36.7,16.7,21.4,78,9.8,33.8,43.6,24.4,14,8,5.4,4.4,19.1,19.7,6.2,2014
Cleveland Cavaliers,82,53,29,0.646,48.2,103.1,37.7,82.2,45.8,10.1,27.5,36.7,17.7,23.6,75.1,11.1,31.9,43,22.1,14.3,7.4,4.1,4.5,18.4,20.5,4.5,2014
Portland Trail Blazers,82,51,31,0.622,48.4,102.8,38.7,86,45,9.8,27.2,36.2,15.5,19.4,80.1,10.7,35.1,45.9,21.9,13.6,6.4,4.5,3.6,18.2,18.7,4.2,2014
Chicago Bulls,82,50,32,0.61,48.5,100.8,36.6,82.9,44.2,7.9,22.3,35.3,19.7,25.2,78.3,11.7,34,45.7,21.7,14,6.3,5.8,5.4,18.2,21.2,3,2014
Dallas Mavericks,82,50,32,0.61,48.5,105.2,39.7,85.8,46.3,8.9,25.4,35.2,16.9,22.5,75.2,10.5,31.8,42.3,22.5,13,8.1,4.5,3.8,20,22.1,2.9,2014
Toronto Raptors,82,49,33,0.598,48.4,104,37.9,83.3,45.5,8.9,25.1,35.2,19.3,24.6,78.7,10.7,30.8,41.5,20.7,12.9,7.5,4.4,5,20.9,20.3,3.1,2014
Washington Wizards,82,46,36,0.561,48.7,98.5,38.3,82.8,46.2,6.1,16.8,36,15.9,21.4,74.2,10.5,34.2,44.7,24,15,7.3,4.6,4.3,20.8,19.6,0.7,2014
New Orleans Pelicans,82,45,37,0.549,48.2,99.4,37.9,82.9,45.7,7.1,19.3,37,16.4,21.8,75.1,11.5,32,43.5,22,13.3,6.7,6.2,5.8,18.7,18.7,0.8,2014
Oklahoma City Thunder,82,45,37,0.549,48.4,104,38.8,86.8,44.7,7.7,22.7,33.9,18.6,24.6,75.4,12.8,34.7,47.5,20.5,14.7,7.3,5.5,4.6,22.3,20.4,2.2,2014
Milwaukee Bucks,82,41,41,0.5,48.6,97.8,37.6,82,45.9,6.6,18.3,36.3,16,21.1,75.7,10.7,31.4,42.1,23.6,16.7,9.6,4.9,4.8,22.1,20.1,0.4,2014
Boston Celtics,82,40,42,0.488,48.5,101.4,38.9,87.9,44.3,8,24.6,32.7,15.4,20.5,75.4,11.1,32.7,43.8,24.5,13.8,8.2,3.6,5.3,21.2,18.8,0.2,2014
Phoenix Suns,82,39,43,0.476,48.5,102.4,38.8,85.8,45.2,8.5,25,34.1,16.4,21.5,76,10.9,32.2,43.2,20.2,15.1,8.5,4.7,4.1,21.3,20.3,-0.9,2014
Brooklyn Nets,82,38,44,0.463,48.6,98,37.4,83,45.1,6.6,19.9,33.1,16.6,22.2,74.8,10.3,32,42.4,20.9,13.8,7,4.1,4.5,19.3,20,-2.9,2014
Indiana Pacers,82,38,44,0.463,48.4,97.3,36.6,83.2,43.9,7.5,21.2,35.2,16.7,22.2,75.6,10.4,34.4,44.9,21.4,14,6.2,4.6,4.7,21.2,21.4,0.3,2014
Utah Jazz,82,38,44,0.463,48.1,95.1,35.4,79.2,44.7,7.4,21.7,34.3,17,23.5,72.1,12,31.9,44,19.9,15.3,7.6,6,4.7,19.3,19.6,0.2,2014
Miami Heat,82,37,45,0.451,48.1,94.7,35.2,77.2,45.6,6.8,20.2,33.5,17.5,23.7,74.1,9.1,30,39.1,19.8,14.8,7.8,4.5,4.4,20,20.9,-2.6,2014
Charlotte Hornets,82,33,49,0.402,48.5,94.2,35.5,84.5,42,6.1,19.1,31.8,17,22.8,74.8,10,34.1,44.1,20.2,11.9,6.1,5.5,5.4,18.2,20.8,-3.2,2014
Detroit Pistons,82,32,50,0.39,48.4,98.5,37.1,85.8,43.2,8.6,24.9,34.4,15.8,22.4,70.3,12.8,32.1,44.9,21.6,13.4,7.6,4.7,4.8,19,19.3,-1,2014
Denver Nuggets,82,30,52,0.366,48.5,101.5,37.8,87.3,43.3,8,24.8,32.5,17.8,24.3,73.4,12.3,32.4,44.7,21.8,14.2,7.8,4.5,6.1,23,20.7,-3.5,2014
Sacramento Kings,82,29,53,0.354,48.4,101.3,36.7,80.7,45.5,5.6,16.5,34.1,22.3,29.3,76.2,10.9,33.3,44.2,20.3,16.3,6.7,4,6.2,20.7,23.9,-3.7,2014
Orlando Magic,82,25,57,0.305,48.2,95.7,37.5,82.8,45.3,6.8,19.5,34.7,13.9,19.1,72.9,10,31.8,41.8,20.6,14.9,7.9,3.8,5.4,20.9,17.9,-5.7,2014
Los Angeles Lakers,82,21,61,0.256,48.6,98.5,37.2,85.6,43.5,6.5,18.9,34.4,17.5,23.6,74.1,11.6,32.3,43.9,20.9,13.2,7,4.5,4.8,21.2,19.4,-6.8,2014
Philadelphia 76ers,82,18,64,0.22,48.3,92,33.7,82.6,40.8,8.4,26.3,32,16.1,23.8,67.6,11.9,30.9,42.9,20.5,17.7,9.6,5.9,5.5,21.7,20.2,-9,2014
New York Knicks,82,17,65,0.207,48.4,91.9,35.1,82,42.8,6.8,19.7,34.7,14.8,19.2,76.9,10.6,29.8,40.4,21.3,14.7,7,4.7,4.3,21.6,19.1,-9.3,2014
Minnesota Timberwolves,82,16,66,0.195,48.3,97.8,36.4,83.2,43.8,5,14.9,33.2,20,25.7,77.6,11.6,29.3,40.9,21.6,15,8.1,4,5.5,19.2,21.4,-8.8,2014